,hellinger dist kdf,hellinger dist rf,error kdf,error rf,sample
0,0.2177017674538807,0.2748433969301004,0.42900000000000005,0.41500000000000004,10
1,0.2125796742487787,0.43722859947224946,0.43600000000000005,0.511,10
2,0.22558074452159851,0.24044361006682274,0.45399999999999996,0.43700000000000006,10
3,0.2605658309859316,0.2140569806225924,0.43999999999999995,0.513,10
4,0.23356583619246216,0.20700153022366305,0.509,0.43500000000000005,10
5,0.13539520881278552,0.32749861103802874,0.392,0.43500000000000005,10
6,0.15692031524780486,0.19611924414987855,0.403,0.479,10
7,0.15037361757462475,0.20841644237668314,0.43100000000000005,0.393,10
8,0.13555371392796584,0.31924433999541335,0.42000000000000004,0.493,10
9,0.2285584005735355,0.19273763841782635,0.43300000000000005,0.509,10
10,0.18798776277965093,0.20566356625479895,0.43899999999999995,0.41100000000000003,10
11,0.14723154395554622,0.19422159262319486,0.42300000000000004,0.42100000000000004,10
12,0.15118484216075503,0.20897817212878808,0.44499999999999995,0.41200000000000003,10
13,0.21522364819034798,0.26050609670116615,0.511,0.483,10
14,0.183134219196924,0.3232175576932692,0.44999999999999996,0.401,10
15,0.16502927678059018,0.2583059666132569,0.44899999999999995,0.45599999999999996,10
16,0.16920568851845366,0.1690578689878117,0.514,0.475,10
17,0.19585481936808882,0.30352849748486005,0.5,0.46399999999999997,10
18,0.12780188445478075,0.25790710596800226,0.403,0.5469999999999999,10
19,0.2023747002129778,0.24528210830395963,0.524,0.499,10
20,0.17510365001664369,0.18664228654018267,0.473,0.381,10
21,0.1922808007395645,0.15631843311851837,0.483,0.41900000000000004,10
22,0.17350299557450044,0.23795697237190222,0.45799999999999996,0.496,10
23,0.19829074512486985,0.18159596890694887,0.43600000000000005,0.38,10
24,0.16077587529719403,0.1813139813167217,0.40700000000000003,0.41900000000000004,10
25,0.16520150560509414,0.3086666416477837,0.501,0.501,10
26,0.20760159132131056,0.30450942706746165,0.46499999999999997,0.496,10
27,0.19111493053543677,0.16706436221307605,0.46099999999999997,0.46099999999999997,10
28,0.1915403860622994,0.32719358757784717,0.496,0.46199999999999997,10
29,0.18466591018266165,0.2561938690676993,0.41400000000000003,0.42000000000000004,10
30,0.13167589024926518,0.16505066177080757,0.38,0.43200000000000005,10
31,0.24286243594685053,0.21149605940204858,0.507,0.45399999999999996,10
32,0.2162401181732968,0.18505331040140283,0.41900000000000004,0.45499999999999996,10
33,0.12314440788536148,0.28313116264986904,0.44999999999999996,0.516,10
34,0.20246929302686584,0.20524639407522563,0.502,0.41100000000000003,10
35,0.21331659965292887,0.23933809100929854,0.45499999999999996,0.48,10
36,0.19940446685005725,0.19361749195837202,0.489,0.507,10
37,0.20680355279335633,0.24289574724228585,0.45299999999999996,0.396,10
38,0.34628894576148955,0.17588536864292398,0.489,0.43300000000000005,10
39,0.17211034294342387,0.23712759519969284,0.46599999999999997,0.42500000000000004,10
40,0.2221225707048212,0.19944642174891886,0.473,0.42000000000000004,10
41,0.14539915742993742,0.2523507303561609,0.41100000000000003,0.40800000000000003,10
42,0.14664450906685603,0.24782751002706638,0.42800000000000005,0.43899999999999995,10
43,0.2706893157988617,0.19030746075378982,0.525,0.479,10
44,0.2776708283470456,0.2569980732545453,0.486,0.495,10
45,0.16411801323640932,0.1883535781331187,0.46299999999999997,0.475,10
46,0.16443921658518149,0.18953602315078477,0.43300000000000005,0.473,10
47,0.20365277532774712,0.31254058738733836,0.49,0.42600000000000005,10
48,0.18379795569153895,0.1750700185943333,0.497,0.479,10
49,0.23333047228026105,0.17952943994964987,0.495,0.487,10
50,0.18905284059549737,0.2772849040051839,0.43899999999999995,0.52,10
51,0.23353031604313887,0.21268707939946485,0.474,0.46699999999999997,10
52,0.1732279216459667,0.203212515697451,0.471,0.42700000000000005,10
53,0.1456741407537203,0.2759362703182619,0.46599999999999997,0.42300000000000004,10
54,0.1425528234150044,0.21472632091977373,0.40800000000000003,0.511,10
55,0.16143818406361168,0.22479486732078685,0.494,0.41000000000000003,10
56,0.26540077826336833,0.17397815223750204,0.523,0.363,10
57,0.25394384643295786,0.34008060885487806,0.44099999999999995,0.494,10
58,0.1720232934679563,0.25301316194870505,0.481,0.46199999999999997,10
59,0.13973232448270034,0.17181363551844944,0.43300000000000005,0.391,10
60,0.22161027228709032,0.34771538232101284,0.489,0.42400000000000004,10
61,0.16150023459797577,0.1776112151697887,0.43500000000000005,0.40900000000000003,10
62,0.1802689270057124,0.16932013585079161,0.44299999999999995,0.485,10
63,0.1652476571119714,0.24506387180893663,0.42200000000000004,0.48,10
64,0.12232839486068725,0.1808636940772158,0.42400000000000004,0.43000000000000005,10
65,0.19728504938534877,0.2767214233559286,0.41200000000000003,0.498,10
66,0.1396276555375026,0.21053833288124768,0.375,0.44999999999999996,10
67,0.19187593711027542,0.17541791615738145,0.43899999999999995,0.487,10
68,0.1934417466045345,0.18639232576010575,0.529,0.494,10
69,0.23452180560780775,0.25136634180859535,0.523,0.492,10
70,0.1494180535151344,0.2535905760564536,0.43100000000000005,0.43700000000000006,10
71,0.17705956654111724,0.22761945616688073,0.46599999999999997,0.45699999999999996,10
72,0.2537976622092854,0.18427167686487728,0.548,0.44699999999999995,10
73,0.1872623882030891,0.2083134335571526,0.483,0.478,10
74,0.13877032937258485,0.18537089201165863,0.41000000000000003,0.43000000000000005,10
75,0.14202886271345208,0.30668137764681497,0.41800000000000004,0.43000000000000005,10
76,0.22555485389999216,0.2552732900713223,0.476,0.497,10
77,0.22411317864053204,0.28147520978353147,0.45999999999999996,0.487,10
78,0.1577640214437405,0.31509636870865226,0.45899999999999996,0.504,10
79,0.26461954711818036,0.2291665296846197,0.495,0.5900000000000001,10
80,0.21746263561843915,0.21530739335556093,0.516,0.399,10
81,0.18410912464558893,0.31527829876971253,0.46199999999999997,0.474,10
82,0.1694412048004554,0.17576674904420955,0.482,0.483,10
83,0.2070234243832245,0.2340967623934715,0.486,0.44499999999999995,10
84,0.2011553137507692,0.15832476136567572,0.49,0.43200000000000005,10
85,0.190308748027888,0.2131303567666991,0.475,0.5,10
86,0.2613370071913305,0.23799174052869643,0.488,0.45799999999999996,10
87,0.16772892292430439,0.1502817052778233,0.474,0.389,10
88,0.2525482787466374,0.1894604722128992,0.471,0.43700000000000006,10
89,0.11580539103306665,0.20365709694024733,0.42300000000000004,0.46399999999999997,10
90,0.1903888377360218,0.26316266587153087,0.42800000000000005,0.524,10
91,0.16839044156914085,0.17691832555786732,0.46699999999999997,0.44099999999999995,10
92,0.3159881475246302,0.1499113757647946,0.46599999999999997,0.42900000000000005,10
93,0.2018060096222732,0.2095079904311029,0.46599999999999997,0.41200000000000003,10
94,0.22316180995253956,0.24997400278093856,0.486,0.496,10
95,0.18568328822347607,0.2402019143704171,0.44299999999999995,0.473,10
96,0.15165315558168796,0.21776872270289457,0.43999999999999995,0.529,10
97,0.16646429268213567,0.24556997548930823,0.479,0.497,10
98,0.2345775294969334,0.18912763362950763,0.544,0.45999999999999996,10
99,0.2292439683278268,0.25386321241696536,0.43899999999999995,0.40800000000000003,10
100,0.17457060539225694,0.20661798475188545,0.42200000000000004,0.44999999999999996,19
101,0.1927185331540332,0.25932183663702946,0.44999999999999996,0.501,19
102,0.10506375921072664,0.23763976652057744,0.353,0.46199999999999997,19
103,0.18233946437763004,0.1534859199456701,0.44099999999999995,0.41800000000000004,19
104,0.17645273020575808,0.19332121337519292,0.45499999999999996,0.469,19
105,0.22584925928628202,0.1733345291746123,0.398,0.41200000000000003,19
106,0.18843973913685952,0.20715061461358952,0.42300000000000004,0.399,19
107,0.1462389918962819,0.16828901944583077,0.45199999999999996,0.32999999999999996,19
108,0.12620174002499795,0.21280327160136323,0.41000000000000003,0.44799999999999995,19
109,0.14253686351803968,0.1532457619714869,0.41100000000000003,0.378,19
110,0.1259125479483512,0.16209691390590714,0.378,0.45699999999999996,19
111,0.1275800754516097,0.15600695398954653,0.41100000000000003,0.391,19
112,0.11568084731749446,0.12138940653111595,0.37,0.29600000000000004,19
113,0.1693751197429783,0.19019185599710645,0.42300000000000004,0.505,19
114,0.20375444309525367,0.23660317103015224,0.491,0.43000000000000005,19
115,0.1541465919948868,0.17779829713786544,0.40700000000000003,0.43700000000000006,19
116,0.13853045066451167,0.19564429007884246,0.387,0.46799999999999997,19
117,0.179002106301033,0.18330399802372294,0.44199999999999995,0.382,19
118,0.21326105273257903,0.14099590981911625,0.403,0.396,19
119,0.16770686368838192,0.21662216483211197,0.42500000000000004,0.491,19
120,0.19517529580430915,0.2271955879213031,0.43999999999999995,0.44299999999999995,19
121,0.10716248247077015,0.21719222806621438,0.365,0.493,19
122,0.11474633212044011,0.19612517978038563,0.347,0.42100000000000004,19
123,0.18066737234827365,0.14269020513492955,0.492,0.33999999999999997,19
124,0.14049972332812022,0.29485323183062356,0.374,0.515,19
125,0.15208198215337268,0.19434909217648685,0.41600000000000004,0.46599999999999997,19
126,0.19349558627452093,0.2033786955578648,0.45799999999999996,0.405,19
127,0.15279665557591196,0.21731595401732767,0.39,0.41800000000000004,19
128,0.12764777508148437,0.16547423496535668,0.374,0.375,19
129,0.15367706033798162,0.15706505407155041,0.406,0.45199999999999996,19
130,0.23251770144546952,0.17404333936377697,0.46499999999999997,0.45299999999999996,19
131,0.14436244856044428,0.16094383452073333,0.43700000000000006,0.394,19
132,0.19282303116236946,0.1685395959332617,0.41900000000000004,0.399,19
133,0.13967117712307728,0.2287401096004668,0.389,0.46399999999999997,19
134,0.18790778642338657,0.1966190789278765,0.42800000000000005,0.44899999999999995,19
135,0.17924283563137228,0.21353441528611053,0.41400000000000003,0.44499999999999995,19
136,0.18726909770264435,0.19582682310030386,0.491,0.372,19
137,0.15242230835273043,0.17856725776307142,0.40800000000000003,0.383,19
138,0.24625535075051003,0.12762345888334403,0.45799999999999996,0.367,19
139,0.15465058215646724,0.21479374971895032,0.402,0.42500000000000004,19
140,0.2481307871066719,0.16009285458438174,0.479,0.399,19
141,0.14580526812427194,0.17682318463788432,0.43100000000000005,0.403,19
142,0.134961883764855,0.20705647316902862,0.386,0.469,19
143,0.20212224852171676,0.16729907452196474,0.42900000000000005,0.368,19
144,0.10881627880538543,0.17349985971812032,0.31299999999999994,0.46499999999999997,19
145,0.1757855957500607,0.16448359300297594,0.45399999999999996,0.405,19
146,0.15045093571081417,0.17753801881609677,0.43400000000000005,0.41300000000000003,19
147,0.20713677648084022,0.17910007464546612,0.471,0.41200000000000003,19
148,0.09272764417647608,0.18582895000296817,0.33999999999999997,0.45399999999999996,19
149,0.1250498295320948,0.17319274436205476,0.395,0.382,19
150,0.11853376861415325,0.1451373642297627,0.366,0.36,19
151,0.17592155162871612,0.16380707282005724,0.44899999999999995,0.36,19
152,0.17314099038668918,0.21176402055644314,0.45699999999999996,0.46799999999999997,19
153,0.12666208411519983,0.20161201414313357,0.33799999999999997,0.43200000000000005,19
154,0.14133772029884703,0.19091010838644315,0.363,0.475,19
155,0.1601009124416693,0.19165732432640403,0.375,0.46099999999999997,19
156,0.1201934284412657,0.2474233228805893,0.37,0.42900000000000005,19
157,0.16941169891889662,0.22779751514881622,0.45099999999999996,0.41000000000000003,19
158,0.23273354086500145,0.1751723534854393,0.43999999999999995,0.379,19
159,0.11093544158631709,0.2537630494499794,0.367,0.5329999999999999,19
160,0.12389155386072291,0.22431447324053339,0.375,0.505,19
161,0.08601026410509428,0.1611983658125677,0.31999999999999995,0.395,19
162,0.16920666538092907,0.16101086850580484,0.43000000000000005,0.4,19
163,0.1519849401299188,0.1828309791302839,0.41600000000000004,0.43799999999999994,19
164,0.12177221362157567,0.2077710510230057,0.379,0.42400000000000004,19
165,0.16911362246392228,0.1871691940411355,0.44799999999999995,0.41700000000000004,19
166,0.1766379209144364,0.1575366479324416,0.41400000000000003,0.384,19
167,0.1767316242667577,0.15410124936734526,0.43200000000000005,0.43799999999999994,19
168,0.20021765812503498,0.16588231554155014,0.42200000000000004,0.402,19
169,0.1072852615647911,0.17725450957630787,0.33699999999999997,0.348,19
170,0.11805080634767598,0.17645155661356035,0.373,0.42000000000000004,19
171,0.10254789324620112,0.17213654973557627,0.357,0.393,19
172,0.16095537267330953,0.19283234276685396,0.41500000000000004,0.45699999999999996,19
173,0.14466286191283015,0.16846776376678754,0.42400000000000004,0.43700000000000006,19
174,0.1762433385752751,0.26714504959248003,0.41300000000000003,0.474,19
175,0.16469410014349456,0.258037802449187,0.41300000000000003,0.43200000000000005,19
176,0.14103407024875625,0.2074959089353812,0.386,0.49,19
177,0.13034308401769773,0.17283110470920124,0.41000000000000003,0.42800000000000005,19
178,0.0982679429416145,0.2369798706439694,0.28700000000000003,0.505,19
179,0.0863701262573042,0.15535681544263374,0.344,0.4,19
180,0.12790538957236258,0.18315303613206682,0.378,0.384,19
181,0.21674561333356138,0.20325714318967963,0.489,0.474,19
182,0.22119865199500974,0.17655389574857688,0.41300000000000003,0.42500000000000004,19
183,0.2049282339067981,0.1601209426629656,0.43500000000000005,0.401,19
184,0.13840196854198175,0.16357361881786772,0.41400000000000003,0.44499999999999995,19
185,0.21911565051606186,0.21702223908969664,0.486,0.5,19
186,0.17643865922159968,0.15609223322462437,0.471,0.353,19
187,0.16840256793588246,0.26665701531119523,0.41400000000000003,0.45899999999999996,19
188,0.13648992120105294,0.21477139286719066,0.388,0.43700000000000006,19
189,0.1281822582786555,0.17369091099768233,0.344,0.403,19
190,0.1191581154671916,0.21929121255595607,0.382,0.399,19
191,0.13910220265648304,0.198166174926202,0.41600000000000004,0.51,19
192,0.17176006360411264,0.14855291150767677,0.403,0.396,19
193,0.15120394595853737,0.22236038514260884,0.473,0.384,19
194,0.1461516248867369,0.1323166103156296,0.42800000000000005,0.381,19
195,0.13690844099742497,0.12707405553267875,0.43500000000000005,0.33799999999999997,19
196,0.11529110597037247,0.19695693378557125,0.41500000000000004,0.471,19
197,0.1302894449839631,0.29229612861822385,0.391,0.489,19
198,0.189105614924596,0.17193221884725216,0.505,0.44399999999999995,19
199,0.17665593212858058,0.2077125529629185,0.402,0.515,19
200,0.08350287802417503,0.18462338208982,0.31100000000000005,0.40700000000000003,39
201,0.11576018878886392,0.17215123723819967,0.31599999999999995,0.41200000000000003,39
202,0.11963007510778494,0.16110237524576673,0.361,0.42500000000000004,39
203,0.08816242931266997,0.14202479875119647,0.29400000000000004,0.356,39
204,0.10701184580860694,0.1448097401449479,0.356,0.32599999999999996,39
205,0.09118897030788281,0.10600614830547699,0.31399999999999995,0.34299999999999997,39
206,0.09216897459386811,0.14549555751602475,0.33899999999999997,0.33499999999999996,39
207,0.10555908939506342,0.20671653910798596,0.347,0.43400000000000005,39
208,0.1166307794975069,0.14172359657255737,0.345,0.33599999999999997,39
209,0.1659162534103225,0.12283458033268327,0.43500000000000005,0.385,39
210,0.08005998520580032,0.15264263123693061,0.369,0.353,39
211,0.08761802964437654,0.13106812178131338,0.30800000000000005,0.32099999999999995,39
212,0.13121221606935335,0.12355620060607322,0.41400000000000003,0.30400000000000005,39
213,0.10823769051544406,0.16040301648166744,0.32599999999999996,0.32699999999999996,39
214,0.11832491154582622,0.1612121823854485,0.391,0.367,39
215,0.07755531374674104,0.20101949143987452,0.31399999999999995,0.40800000000000003,39
216,0.08680882756262849,0.13981616614565626,0.32699999999999996,0.35,39
217,0.1392188476206233,0.15075030741242945,0.40900000000000003,0.375,39
218,0.1192098507009202,0.13650552046750386,0.374,0.34099999999999997,39
219,0.14958266135607196,0.19101438806325022,0.367,0.41900000000000004,39
220,0.13180021706285996,0.1415747257708425,0.387,0.34099999999999997,39
221,0.09583464156761978,0.14930443239648689,0.32699999999999996,0.39,39
222,0.17186387090172067,0.27474181736391656,0.401,0.44099999999999995,39
223,0.08532016132769278,0.1581525751989151,0.32999999999999996,0.351,39
224,0.1544353626879984,0.13787168283660264,0.389,0.354,39
225,0.05411987643423094,0.19564094794270742,0.361,0.33999999999999997,39
226,0.12379698295754432,0.1302857422715797,0.349,0.372,39
227,0.09948382019261212,0.18621036369541322,0.32399999999999995,0.374,39
228,0.05914681061212978,0.19076608169253326,0.31799999999999995,0.41800000000000004,39
229,0.1225183129982214,0.1661848797233353,0.364,0.395,39
230,0.07399646759597066,0.12800524807323904,0.32599999999999996,0.31699999999999995,39
231,0.1886713433328946,0.18303666253742643,0.43300000000000005,0.46299999999999997,39
232,0.11991502496724268,0.1880995420536009,0.363,0.42400000000000004,39
233,0.08009583542361755,0.11371977683129843,0.30400000000000005,0.32699999999999996,39
234,0.10234225563813402,0.13419245958996484,0.31899999999999995,0.33799999999999997,39
235,0.1158285877912622,0.1302593666104384,0.367,0.28200000000000003,39
236,0.16401577687524826,0.15609378724909084,0.354,0.375,39
237,0.0892023156126744,0.14680591931823422,0.33499999999999996,0.347,39
238,0.11797557674278945,0.14452127203561596,0.353,0.367,39
239,0.12250173868222908,0.18827928383221984,0.34199999999999997,0.397,39
240,0.06536102495878045,0.18450275604079788,0.33299999999999996,0.43600000000000005,39
241,0.11924361969562948,0.15625150245819144,0.34099999999999997,0.354,39
242,0.07304539128877127,0.14523299368468753,0.32399999999999995,0.30100000000000005,39
243,0.06348212878159087,0.13101191229076056,0.28700000000000003,0.357,39
244,0.11020283381249626,0.12279666984115838,0.31599999999999995,0.345,39
245,0.16515430397709904,0.13140616624008336,0.469,0.378,39
246,0.1588113437838707,0.13767989681759188,0.388,0.346,39
247,0.10959468801684212,0.1194643695516604,0.32499999999999996,0.33999999999999997,39
248,0.08932281758543117,0.13839303750463341,0.32699999999999996,0.31499999999999995,39
249,0.07261817103640876,0.15967215728699272,0.30300000000000005,0.404,39
250,0.13024788946061547,0.13745565762681433,0.394,0.32199999999999995,39
251,0.145397482454803,0.152027355667141,0.41800000000000004,0.362,39
252,0.12149071448548458,0.19782604728325384,0.386,0.45199999999999996,39
253,0.09403893444131742,0.16965245970893567,0.375,0.42500000000000004,39
254,0.0756642406915767,0.1391620701552862,0.29200000000000004,0.32799999999999996,39
255,0.12977505381415608,0.19851799049453242,0.401,0.403,39
256,0.11412403934321058,0.1870604234804216,0.383,0.403,39
257,0.08194476916787338,0.13846527813902945,0.30100000000000005,0.32599999999999996,39
258,0.12836761265766267,0.13523853928716298,0.393,0.352,39
259,0.14093144716003067,0.18205639920722158,0.397,0.38,39
260,0.11861946228748421,0.1637580483644232,0.33199999999999996,0.346,39
261,0.12591797868860102,0.1737606764781445,0.368,0.398,39
262,0.12228984303283887,0.1586979125094719,0.353,0.363,39
263,0.12548133752634383,0.1198646644099885,0.374,0.32699999999999996,39
264,0.11636474323180986,0.14099172074167596,0.344,0.32699999999999996,39
265,0.129743564160629,0.15700478385526756,0.355,0.347,39
266,0.12631516647398405,0.14181144592537478,0.372,0.41900000000000004,39
267,0.1298389281981154,0.12425578439530066,0.391,0.365,39
268,0.15174080142411225,0.18238579571907382,0.39,0.395,39
269,0.14307901903332756,0.2395207556332771,0.41500000000000004,0.377,39
270,0.1300109656207904,0.1465935593135297,0.33599999999999997,0.382,39
271,0.13462276504142381,0.19617069212907995,0.34199999999999997,0.373,39
272,0.09407736439744371,0.1703608391917477,0.344,0.43300000000000005,39
273,0.08292440793140594,0.203297265347418,0.32799999999999996,0.382,39
274,0.06711701933304245,0.15819008851088032,0.276,0.32799999999999996,39
275,0.09099742071963116,0.1514194592885951,0.31899999999999995,0.37,39
276,0.12014466887658537,0.1691349411373305,0.387,0.368,39
277,0.11504625501432846,0.20748684296189845,0.33999999999999997,0.43400000000000005,39
278,0.09076952838142228,0.15095183949459517,0.31699999999999995,0.33599999999999997,39
279,0.17465907136795614,0.19915063634349228,0.379,0.44699999999999995,39
280,0.09484281672342157,0.1526185034299491,0.31599999999999995,0.32899999999999996,39
281,0.0918716179618711,0.1465197071872656,0.38,0.393,39
282,0.09273008806035353,0.18077898311700286,0.31499999999999995,0.392,39
283,0.09661718620602279,0.2081994075957987,0.347,0.43799999999999994,39
284,0.09265367062820654,0.173562737415848,0.30300000000000005,0.386,39
285,0.10810179862448356,0.1517435479547304,0.33699999999999997,0.37,39
286,0.11967883961602316,0.16869524680500603,0.363,0.364,39
287,0.09585304290538949,0.18323742732479192,0.33499999999999996,0.372,39
288,0.11099291734835263,0.22660249851971462,0.353,0.33999999999999997,39
289,0.1292844600213544,0.1376244414791071,0.364,0.384,39
290,0.12474462482012054,0.1452494035039371,0.31499999999999995,0.358,39
291,0.1380805855667536,0.18528647126027395,0.42000000000000004,0.387,39
292,0.09495361958631124,0.22248369168074902,0.33499999999999996,0.42400000000000004,39
293,0.14937798515669454,0.13926696536519687,0.43799999999999994,0.388,39
294,0.10009430098996015,0.1807917069270333,0.33099999999999996,0.391,39
295,0.07529010206175517,0.1442048075242938,0.31499999999999995,0.33299999999999996,39
296,0.12011346917997426,0.147702660347864,0.372,0.367,39
297,0.12491433687830962,0.12070870476224704,0.377,0.30400000000000005,39
298,0.10430476548139256,0.29955252435185953,0.33299999999999996,0.45599999999999996,39
299,0.1212666543312934,0.19878059689572927,0.367,0.43899999999999995,39
300,0.09543988418970184,0.1479386446578808,0.31100000000000005,0.361,79
301,0.0741661399390801,0.11372035240964634,0.31799999999999995,0.31999999999999995,79
302,0.0919403487785928,0.1462774632557028,0.28500000000000003,0.355,79
303,0.08335429531279769,0.13948262839443573,0.29500000000000004,0.28600000000000003,79
304,0.07246170877507382,0.13211525225844556,0.30900000000000005,0.31799999999999995,79
305,0.07310098647145476,0.1670078554470061,0.30900000000000005,0.371,79
306,0.09937471865497716,0.14100541423907972,0.347,0.32499999999999996,79
307,0.12319228294719232,0.1344583967794308,0.33499999999999996,0.354,79
308,0.09415564316529446,0.14350556943806694,0.33899999999999997,0.354,79
309,0.08608740421311584,0.14373797558539034,0.34099999999999997,0.376,79
310,0.0997960529284604,0.12173762846746093,0.33799999999999997,0.30300000000000005,79
311,0.08539359205726679,0.1390717338576962,0.33299999999999996,0.345,79
312,0.10368528390126183,0.19360282354817956,0.32099999999999995,0.399,79
313,0.050621566968616354,0.14591810518465528,0.32199999999999995,0.32099999999999995,79
314,0.12082934348116454,0.13707972387414932,0.355,0.385,79
315,0.11574674292740902,0.1131806933851974,0.33599999999999997,0.28900000000000003,79
316,0.1010672211301835,0.14381381576541408,0.28700000000000003,0.358,79
317,0.07411576873937234,0.12949498993820102,0.28,0.33899999999999997,79
318,0.09308376201199237,0.14189591885017364,0.32199999999999995,0.33599999999999997,79
319,0.09380214665082096,0.13156414443848155,0.32899999999999996,0.367,79
320,0.10424329246884127,0.12849065146624725,0.30500000000000005,0.30900000000000005,79
321,0.08298703689293069,0.12258161251893575,0.33799999999999997,0.32199999999999995,79
322,0.11454856058442402,0.14694682484289595,0.348,0.367,79
323,0.10901998820432791,0.1313870064906222,0.32099999999999995,0.30100000000000005,79
324,0.07491099609355137,0.16444711768246406,0.30900000000000005,0.382,79
325,0.12291226686827725,0.16625230864734045,0.31000000000000005,0.358,79
326,0.08426110402603626,0.14626196261921307,0.281,0.31699999999999995,79
327,0.12563265075071436,0.16227121105594386,0.34099999999999997,0.391,79
328,0.04497939451148627,0.11415378269098284,0.29000000000000004,0.30100000000000005,79
329,0.08403853843758098,0.17771708763035524,0.30200000000000005,0.41500000000000004,79
330,0.08232308014537205,0.13515292076253646,0.267,0.369,79
331,0.09232025832138047,0.12917650289368643,0.346,0.31699999999999995,79
332,0.07185292523012021,0.13115956593590353,0.28700000000000003,0.29600000000000004,79
333,0.08584416358918295,0.18527606172889544,0.30100000000000005,0.32199999999999995,79
334,0.09382182259573608,0.1356120583289407,0.33399999999999996,0.32299999999999995,79
335,0.08416022696134455,0.12085194141349305,0.30600000000000005,0.365,79
336,0.09538768651108952,0.13122294507910648,0.30500000000000005,0.32399999999999995,79
337,0.06504073635572173,0.1377726726237408,0.32999999999999996,0.32999999999999996,79
338,0.06732143981920241,0.12868084558496642,0.29300000000000004,0.351,79
339,0.05863751760222975,0.1331538821205612,0.29700000000000004,0.32299999999999995,79
340,0.07252566886615201,0.1425616893975251,0.28300000000000003,0.354,79
341,0.13287226484317124,0.13446976201098787,0.349,0.33499999999999996,79
342,0.09887347219881457,0.12533564004055295,0.33899999999999997,0.33299999999999996,79
343,0.10944078324344989,0.14881595772172804,0.38,0.34299999999999997,79
344,0.04168749617224119,0.15371637538502925,0.276,0.352,79
345,0.09781612556472156,0.12847506372558573,0.32399999999999995,0.359,79
346,0.08051063555982103,0.1281341170083583,0.32399999999999995,0.372,79
347,0.08249159834378768,0.16080645850758868,0.31499999999999995,0.359,79
348,0.10600174695940846,0.14128211394733275,0.30400000000000005,0.30000000000000004,79
349,0.11109543898124245,0.1391088340866711,0.346,0.355,79
350,0.07207183531046375,0.10421252650431136,0.29700000000000004,0.29100000000000004,79
351,0.09741497779098389,0.12773139457205188,0.29000000000000004,0.356,79
352,0.14103482154845853,0.13046446099046097,0.349,0.34199999999999997,79
353,0.08575804215293205,0.11722143210542973,0.261,0.31299999999999994,79
354,0.08995268846732025,0.1214416846620559,0.30400000000000005,0.371,79
355,0.08277395560906078,0.11833988624897453,0.344,0.29800000000000004,79
356,0.08832242368960423,0.13533139697831018,0.31200000000000006,0.365,79
357,0.10186011872451096,0.1595696253091202,0.33699999999999997,0.371,79
358,0.10374330851410711,0.1618548741548038,0.33099999999999996,0.32199999999999995,79
359,0.11579105817455732,0.1474037189534742,0.357,0.33099999999999996,79
360,0.07843902000601725,0.15833965064530292,0.31200000000000006,0.362,79
361,0.064848714052158,0.16625700830307694,0.28,0.402,79
362,0.09885577123162889,0.11307090074398375,0.31799999999999995,0.32999999999999996,79
363,0.09010742200746982,0.12176656842835842,0.30300000000000005,0.30700000000000005,79
364,0.1209128803647747,0.14664415330246958,0.35,0.32399999999999995,79
365,0.08429150482127945,0.16422699155191495,0.30700000000000005,0.355,79
366,0.08413048183937968,0.19185048870071225,0.32399999999999995,0.41400000000000003,79
367,0.08429294336937547,0.14087403029184836,0.30400000000000005,0.28700000000000003,79
368,0.07090655621477095,0.1279109457095899,0.276,0.31799999999999995,79
369,0.09845690767150496,0.1268662900020744,0.31599999999999995,0.31299999999999994,79
370,0.11406695333341939,0.19788285682920714,0.32999999999999996,0.406,79
371,0.08255774562288337,0.15174575737091392,0.30800000000000005,0.371,79
372,0.08787476274822455,0.1250822781766756,0.30300000000000005,0.32899999999999996,79
373,0.10850785779139896,0.15718286241809568,0.33899999999999997,0.378,79
374,0.07394645156481605,0.12165562744494425,0.28800000000000003,0.32699999999999996,79
375,0.08033200191063047,0.13040794557406613,0.31499999999999995,0.31799999999999995,79
376,0.09701048262064832,0.12030075482626955,0.279,0.32799999999999996,79
377,0.0949754159747659,0.11712248048129596,0.28300000000000003,0.29900000000000004,79
378,0.06683177814913381,0.11623576066940064,0.31100000000000005,0.362,79
379,0.06762512962120024,0.1265364289999742,0.30400000000000005,0.30600000000000005,79
380,0.1446289678511168,0.1428440162984787,0.33299999999999996,0.365,79
381,0.06827006615881835,0.14028978336086356,0.28700000000000003,0.31200000000000006,79
382,0.0866921311677825,0.13351101287929265,0.29600000000000004,0.279,79
383,0.09004216149532969,0.12284105069786536,0.30100000000000005,0.31399999999999995,79
384,0.07603718485751809,0.11632612507075393,0.30500000000000005,0.32499999999999996,79
385,0.08923373490780928,0.17391895253815198,0.36,0.42500000000000004,79
386,0.10123863853138104,0.1447323103881525,0.33299999999999996,0.34299999999999997,79
387,0.07255779009766326,0.16313739027496468,0.31599999999999995,0.347,79
388,0.11176477586075496,0.11957126585149706,0.33799999999999997,0.31899999999999995,79
389,0.08722677416106674,0.1411667593037465,0.32099999999999995,0.31000000000000005,79
390,0.0891560413981655,0.13685078490702662,0.29400000000000004,0.32699999999999996,79
391,0.12395558665940488,0.12989057471240123,0.30800000000000005,0.356,79
392,0.11611123553028949,0.14037445426970482,0.30800000000000005,0.31899999999999995,79
393,0.1058629865447681,0.16589971387382196,0.31100000000000005,0.371,79
394,0.09246374347149501,0.13065824098941436,0.32499999999999996,0.32799999999999996,79
395,0.1570029844149436,0.12565216016564323,0.33899999999999997,0.32699999999999996,79
396,0.07135375722608106,0.13570222705058427,0.29600000000000004,0.34299999999999997,79
397,0.08812111111699916,0.12009345192485874,0.31200000000000006,0.32699999999999996,79
398,0.10860409254628474,0.1736363995912687,0.35,0.377,79
399,0.05384548120080845,0.10474505149449155,0.277,0.30800000000000005,79
400,0.08361540360894523,0.10359627577680036,0.31000000000000005,0.31599999999999995,158
401,0.07165658761494317,0.1169146811934424,0.28700000000000003,0.30700000000000005,158
402,0.08309002728796272,0.11939958234714601,0.30700000000000005,0.32599999999999996,158
403,0.05802498286307976,0.12996937984686507,0.28600000000000003,0.32199999999999995,158
404,0.07623979689785954,0.12051448465785328,0.31200000000000006,0.31899999999999995,158
405,0.07883130684285007,0.10448749107455418,0.26,0.33399999999999996,158
406,0.06127884807487098,0.11493010712739817,0.29700000000000004,0.33899999999999997,158
407,0.08748388031127477,0.12103609491472728,0.28600000000000003,0.34299999999999997,158
408,0.06726073578997374,0.13020498877424175,0.31100000000000005,0.33299999999999996,158
409,0.062359206765222705,0.1215416253806065,0.268,0.32699999999999996,158
410,0.08971942666651314,0.12863119042573548,0.35,0.33099999999999996,158
411,0.07290996515469614,0.1350771244710604,0.29600000000000004,0.30800000000000005,158
412,0.08389026483626362,0.13228571708795184,0.347,0.31399999999999995,158
413,0.06081794443201873,0.1325694175765713,0.29200000000000004,0.33099999999999996,158
414,0.07975116155256305,0.14564567165705083,0.31200000000000006,0.30100000000000005,158
415,0.07506355841555201,0.15518942507969016,0.29600000000000004,0.373,158
416,0.05395695802261995,0.15327721867077587,0.277,0.32299999999999995,158
417,0.07141110082250324,0.12776286648938884,0.28600000000000003,0.33299999999999996,158
418,0.07723384476166491,0.11863733242173524,0.28300000000000003,0.31399999999999995,158
419,0.06604643930418774,0.14343915160992343,0.265,0.33599999999999997,158
420,0.08098614834599058,0.13611767590893045,0.31399999999999995,0.30400000000000005,158
421,0.0701671784007912,0.10651606357160279,0.29900000000000004,0.274,158
422,0.07078744647506577,0.144085654081157,0.272,0.363,158
423,0.06501708942215874,0.1323423204955428,0.281,0.33599999999999997,158
424,0.06712935892969578,0.15616845584400715,0.30600000000000005,0.381,158
425,0.08061837349324912,0.12223142082648376,0.30500000000000005,0.31200000000000006,158
426,0.057398805109788904,0.1155143900262572,0.29600000000000004,0.29000000000000004,158
427,0.06444963300985125,0.1038897452937247,0.29900000000000004,0.32499999999999996,158
428,0.07975065488094356,0.14671635583676124,0.32199999999999995,0.363,158
429,0.10628250540189899,0.12803218324849402,0.32899999999999996,0.31200000000000006,158
430,0.06094622057208215,0.11284067850223185,0.277,0.30000000000000004,158
431,0.05637251859863354,0.11468908432803357,0.277,0.28900000000000003,158
432,0.07085064627520408,0.1501359755881633,0.28900000000000003,0.34299999999999997,158
433,0.07183503157377527,0.15282258992727055,0.31899999999999995,0.33299999999999996,158
434,0.08300737214488337,0.1099450488918559,0.30200000000000005,0.32399999999999995,158
435,0.07632557173367986,0.1431927436284014,0.257,0.33299999999999996,158
436,0.07071236589628108,0.1318738479048001,0.29500000000000004,0.376,158
437,0.0638489578907515,0.11404120988546904,0.29300000000000004,0.32699999999999996,158
438,0.07480489891608172,0.12096663289176611,0.27,0.34199999999999997,158
439,0.1116236233767024,0.13205259983559425,0.364,0.33599999999999997,158
440,0.054700345898060554,0.12009191026368346,0.31399999999999995,0.31699999999999995,158
441,0.08510407245067805,0.11873967629324701,0.31299999999999994,0.32899999999999996,158
442,0.07623746930413507,0.15660410641350042,0.31499999999999995,0.39,158
443,0.0769023952419207,0.14456713471066007,0.273,0.31399999999999995,158
444,0.06139328531872977,0.12074398559227693,0.28400000000000003,0.30700000000000005,158
445,0.08294569817855416,0.11222713034762152,0.29400000000000004,0.31999999999999995,158
446,0.07704672283720997,0.11998815895340356,0.265,0.31000000000000005,158
447,0.0570452363904518,0.11987709616367725,0.28800000000000003,0.32399999999999995,158
448,0.09221686229463848,0.12451299298544366,0.30400000000000005,0.30500000000000005,158
449,0.06925000448828368,0.1420623807297112,0.30200000000000005,0.29600000000000004,158
450,0.06991367096762233,0.13928926882312465,0.32099999999999995,0.31399999999999995,158
451,0.06383172805262154,0.11686573642047153,0.29700000000000004,0.33799999999999997,158
452,0.08437962718858186,0.13199805653413454,0.28500000000000003,0.28600000000000003,158
453,0.05125827512701341,0.12700489070198742,0.278,0.32599999999999996,158
454,0.07106009387592176,0.10407571190188612,0.265,0.31699999999999995,158
455,0.07898765320145874,0.12460448646320632,0.30500000000000005,0.32799999999999996,158
456,0.05687964461308602,0.12515159972385173,0.28,0.33299999999999996,158
457,0.08519844291610186,0.11633339574551875,0.32499999999999996,0.33599999999999997,158
458,0.09102763056808748,0.17320747330171193,0.32699999999999996,0.344,158
459,0.07400626466658598,0.1355033830190373,0.29700000000000004,0.33199999999999996,158
460,0.0828494380718983,0.13806515665389157,0.30200000000000005,0.355,158
461,0.08222107054099596,0.11679029085933025,0.31000000000000005,0.31699999999999995,158
462,0.0961326645317428,0.1307771985118642,0.348,0.354,158
463,0.07321637822959869,0.12482403366325086,0.30400000000000005,0.33599999999999997,158
464,0.08977143379111019,0.10476691140548157,0.28700000000000003,0.29900000000000004,158
465,0.07963617255964606,0.14184689126762134,0.30500000000000005,0.33799999999999997,158
466,0.08310964674992978,0.1298269316237963,0.28200000000000003,0.32699999999999996,158
467,0.09597755766976773,0.1237696748427946,0.28700000000000003,0.29800000000000004,158
468,0.06947952047427275,0.14241781813460783,0.29500000000000004,0.33699999999999997,158
469,0.07345583724676363,0.13622925901939384,0.28800000000000003,0.31299999999999994,158
470,0.0719161994758045,0.12842382547232395,0.31699999999999995,0.32299999999999995,158
471,0.07083429579225685,0.13568454356914525,0.28200000000000003,0.31699999999999995,158
472,0.10742980709691516,0.13983879333133378,0.31499999999999995,0.366,158
473,0.08089373495421318,0.147054129155132,0.28900000000000003,0.34099999999999997,158
474,0.07563996626579413,0.11489777626831084,0.30000000000000004,0.32599999999999996,158
475,0.0696650942313839,0.13662202602300888,0.30400000000000005,0.32999999999999996,158
476,0.05529192037758014,0.14549700513891303,0.29300000000000004,0.346,158
477,0.07876017092278527,0.12839311803996428,0.30200000000000005,0.30200000000000005,158
478,0.0570292498441902,0.13638944590308114,0.29400000000000004,0.32499999999999996,158
479,0.07060293804938983,0.12547075579491462,0.31699999999999995,0.31999999999999995,158
480,0.08148043624111392,0.11869125100670773,0.29500000000000004,0.29200000000000004,158
481,0.07030815632555809,0.1341486153454697,0.29300000000000004,0.30400000000000005,158
482,0.10225645792524747,0.11631571771835097,0.344,0.31000000000000005,158
483,0.08558166739174354,0.1348489148827506,0.33199999999999996,0.32399999999999995,158
484,0.08045343268459543,0.14101110503647685,0.281,0.32499999999999996,158
485,0.07444830578415242,0.12758282955307296,0.28300000000000003,0.32799999999999996,158
486,0.07879287376565688,0.13821099719848193,0.31699999999999995,0.33599999999999997,158
487,0.07448484240732128,0.1375424629135293,0.279,0.33399999999999996,158
488,0.04650985592130833,0.14061690994493822,0.31299999999999994,0.353,158
489,0.07474026348215551,0.14510812342165388,0.31899999999999995,0.30500000000000005,158
490,0.09339238647656686,0.13064824092073282,0.30500000000000005,0.33699999999999997,158
491,0.08568671479439507,0.11842373907737597,0.29500000000000004,0.382,158
492,0.08666068276669693,0.1069589177624994,0.33899999999999997,0.30500000000000005,158
493,0.07922173321616027,0.14472485177497296,0.29900000000000004,0.365,158
494,0.058435996147740615,0.11983441260627106,0.29100000000000004,0.32699999999999996,158
495,0.047940903071333134,0.1085358508531918,0.273,0.30100000000000005,158
496,0.07989519346810244,0.12464888052591999,0.281,0.32199999999999995,158
497,0.08323012045055639,0.10719372160064038,0.29400000000000004,0.31999999999999995,158
498,0.0778751115302398,0.15197042754465415,0.32299999999999995,0.32499999999999996,158
499,0.07184371510622388,0.12552239089458025,0.28200000000000003,0.32999999999999996,158
500,0.054475449885878165,0.106409937299201,0.28300000000000003,0.33299999999999996,315
501,0.03850250759693462,0.13184898716658797,0.264,0.30300000000000005,315
502,0.04405394968325979,0.12920781631516892,0.29900000000000004,0.31599999999999995,315
503,0.06159798225302405,0.13535292049164596,0.243,0.31299999999999994,315
504,0.044710593302539896,0.12479682646879006,0.274,0.32999999999999996,315
505,0.05390079579803368,0.12738447591614063,0.272,0.31799999999999995,315
506,0.06346519866242413,0.13320426258654788,0.30000000000000004,0.28900000000000003,315
507,0.06131422531006738,0.12332998946031604,0.31899999999999995,0.29500000000000004,315
508,0.06578421858450213,0.11805231003359762,0.28900000000000003,0.32699999999999996,315
509,0.04731926084893814,0.14527763647042077,0.28500000000000003,0.32299999999999995,315
510,0.07673306819818765,0.12439226827499643,0.32099999999999995,0.33399999999999996,315
511,0.05438353402234342,0.122827287079822,0.277,0.28900000000000003,315
512,0.07938927224743163,0.1302454853379901,0.28300000000000003,0.33699999999999997,315
513,0.054177546994853505,0.11248677824978048,0.29400000000000004,0.29200000000000004,315
514,0.06274696914795232,0.11754934963820943,0.268,0.257,315
515,0.05938402710244433,0.13216758635861345,0.281,0.30700000000000005,315
516,0.07429781937132429,0.11890277282715692,0.29700000000000004,0.31499999999999995,315
517,0.057715744647809486,0.12473317732068243,0.28500000000000003,0.34199999999999997,315
518,0.07404190511521973,0.11536708798908529,0.28200000000000003,0.30100000000000005,315
519,0.053156054977915805,0.11586643302867627,0.29300000000000004,0.31499999999999995,315
520,0.04713993009379603,0.12147067644589077,0.29800000000000004,0.31399999999999995,315
521,0.04955083729393994,0.12526955758353486,0.29700000000000004,0.29100000000000004,315
522,0.055192257928118625,0.11522123079223197,0.30000000000000004,0.30400000000000005,315
523,0.060114643464587156,0.11282881764831132,0.30400000000000005,0.31599999999999995,315
524,0.05424859588849077,0.11237468612449385,0.269,0.31499999999999995,315
525,0.057387408025116576,0.13052922778219905,0.30300000000000005,0.31499999999999995,315
526,0.06955782921053162,0.13594755822953797,0.28500000000000003,0.30700000000000005,315
527,0.05691656419297295,0.11815579696142087,0.29300000000000004,0.30200000000000005,315
528,0.04717771353417129,0.1327282621771676,0.279,0.32699999999999996,315
529,0.05535065193902789,0.13544596392661198,0.28500000000000003,0.33099999999999996,315
530,0.0770920416740213,0.12160470544494598,0.29400000000000004,0.29400000000000004,315
531,0.057102299286997366,0.11386254106387549,0.29800000000000004,0.29000000000000004,315
532,0.05849641891232757,0.12437530727858316,0.28800000000000003,0.31499999999999995,315
533,0.0468386639840569,0.12487818964869381,0.263,0.34299999999999997,315
534,0.06399027977311121,0.11468150310207742,0.269,0.31000000000000005,315
535,0.06491859011400142,0.13121371138353344,0.29100000000000004,0.32999999999999996,315
536,0.055105490332119596,0.1339716022032675,0.275,0.32099999999999995,315
537,0.06697451165053048,0.11719892637574687,0.266,0.29800000000000004,315
538,0.07636709212551883,0.12478918722292848,0.278,0.31599999999999995,315
539,0.06817736252789501,0.1281271209923145,0.31200000000000006,0.33399999999999996,315
540,0.056291509350818336,0.12350666494394572,0.268,0.32099999999999995,315
541,0.06540178559466756,0.1220844409359803,0.263,0.28600000000000003,315
542,0.06490099622890041,0.1245786021850153,0.266,0.32399999999999995,315
543,0.07124053783273994,0.11882230894271509,0.281,0.29000000000000004,315
544,0.06873283763498435,0.12173203689350684,0.28800000000000003,0.32499999999999996,315
545,0.08075292308218297,0.11455208129639859,0.29800000000000004,0.358,315
546,0.05100128151257833,0.1358370964614868,0.268,0.31499999999999995,315
547,0.07915759730970177,0.12839469295415776,0.273,0.33699999999999997,315
548,0.0538298320870374,0.1260287429577898,0.29100000000000004,0.31000000000000005,315
549,0.08563959153465941,0.14038266309135733,0.31399999999999995,0.30600000000000005,315
550,0.08026531654298315,0.12392758838721386,0.29100000000000004,0.29600000000000004,315
551,0.08362232106398342,0.12167327444377661,0.29400000000000004,0.30800000000000005,315
552,0.062179060395016875,0.12156257870687766,0.276,0.30300000000000005,315
553,0.0682012540217272,0.14605908596795197,0.279,0.30900000000000005,315
554,0.06209512775269238,0.12049746556383732,0.28200000000000003,0.30600000000000005,315
555,0.061711739765825835,0.1288786145784482,0.268,0.30900000000000005,315
556,0.09328903883906654,0.11332445623284072,0.31699999999999995,0.31000000000000005,315
557,0.05693139587297916,0.13773197968781375,0.29100000000000004,0.30900000000000005,315
558,0.061482521013478314,0.12432348366518292,0.28,0.31799999999999995,315
559,0.05407288413702041,0.12797223458988724,0.29600000000000004,0.29800000000000004,315
560,0.05602255202462805,0.1332142024321175,0.30100000000000005,0.33399999999999996,315
561,0.09005338514729172,0.11803090277392117,0.28500000000000003,0.31200000000000006,315
562,0.05712814268875882,0.12932596890710638,0.258,0.362,315
563,0.05275644890317104,0.12590642878535918,0.273,0.33599999999999997,315
564,0.06843991236605948,0.12685129336196127,0.29800000000000004,0.30600000000000005,315
565,0.046980973270745345,0.11632687628246768,0.28800000000000003,0.31299999999999994,315
566,0.07503704142588184,0.11772968016050493,0.269,0.31899999999999995,315
567,0.058336185933452904,0.11688539751346984,0.271,0.31200000000000006,315
568,0.06969525740513849,0.12410452467289972,0.278,0.29300000000000004,315
569,0.05480556449355866,0.11470227645016064,0.274,0.31100000000000005,315
570,0.0651612008364021,0.14258999013798188,0.30900000000000005,0.31899999999999995,315
571,0.0716822722079312,0.13030348736696964,0.31799999999999995,0.31599999999999995,315
572,0.08689344736870735,0.13831408614369936,0.30500000000000005,0.31999999999999995,315
573,0.044957416327889826,0.12878528373891382,0.28400000000000003,0.31100000000000005,315
574,0.0821301636165252,0.13268375914320713,0.28,0.33199999999999996,315
575,0.07002393247871451,0.12637855810279475,0.271,0.30600000000000005,315
576,0.06121130002974007,0.12253379821134845,0.31499999999999995,0.32499999999999996,315
577,0.04856674202382466,0.11851222731911076,0.281,0.31999999999999995,315
578,0.06749342492390309,0.11695926432405243,0.259,0.30400000000000005,315
579,0.05273894956772192,0.12679558158011112,0.274,0.33899999999999997,315
580,0.06216367157845958,0.12776315640970687,0.30000000000000004,0.30500000000000005,315
581,0.07402864052647999,0.11789760870560521,0.28700000000000003,0.31899999999999995,315
582,0.07579137564586536,0.12799629466500576,0.28200000000000003,0.31100000000000005,315
583,0.058513723225110816,0.14284725362020953,0.276,0.32999999999999996,315
584,0.05673058180626135,0.12311737011812707,0.278,0.32499999999999996,315
585,0.056705641719262324,0.12647800652271374,0.257,0.31299999999999994,315
586,0.06943146203964967,0.1355661298870292,0.277,0.32999999999999996,315
587,0.07957322130823384,0.13905339205266248,0.30700000000000005,0.32399999999999995,315
588,0.057038842338632045,0.11888472403325083,0.252,0.276,315
589,0.05657006671430231,0.1112091460714019,0.28200000000000003,0.28800000000000003,315
590,0.05631551714001222,0.1447434552881219,0.264,0.33199999999999996,315
591,0.047575523401214376,0.11514903347882684,0.274,0.29200000000000004,315
592,0.05128896229499556,0.12590761320999763,0.273,0.31100000000000005,315
593,0.07208987351036389,0.12563801140381153,0.274,0.30500000000000005,315
594,0.053557413023512156,0.1358620865645454,0.28800000000000003,0.30000000000000004,315
595,0.05597465029305598,0.12523348315045948,0.266,0.29300000000000004,315
596,0.06946246073763916,0.13060865689966228,0.30200000000000005,0.30600000000000005,315
597,0.047009663346407854,0.1243786930381555,0.29000000000000004,0.29700000000000004,315
598,0.0708548348642628,0.14381856912440125,0.29500000000000004,0.33499999999999996,315
599,0.06941221721820824,0.1281722476563417,0.281,0.29200000000000004,315
600,0.055383120990089955,0.13262937651309972,0.29500000000000004,0.32299999999999995,629
601,0.04920337584039735,0.11609964888298901,0.28900000000000003,0.30900000000000005,629
602,0.040720485259104315,0.12592684366971907,0.30100000000000005,0.31399999999999995,629
603,0.0452018989083557,0.1321297173302125,0.271,0.31000000000000005,629
604,0.05642564082235614,0.12352692729955421,0.275,0.30600000000000005,629
605,0.05484942975566382,0.13108782664300744,0.28400000000000003,0.30000000000000004,629
606,0.056609389382643836,0.12175264304048407,0.28300000000000003,0.30500000000000005,629
607,0.044964702147728096,0.1188808972468523,0.255,0.31100000000000005,629
608,0.05199050203738962,0.12079208659463818,0.243,0.28600000000000003,629
609,0.05899198026097801,0.12742086410057693,0.29200000000000004,0.30800000000000005,629
610,0.05007013289151166,0.12910142479743716,0.266,0.32699999999999996,629
611,0.047866707318765536,0.11503314465404323,0.267,0.28400000000000003,629
612,0.048647174363999734,0.12904336557374727,0.32599999999999996,0.31499999999999995,629
613,0.05358157192651167,0.12827491847976707,0.268,0.30400000000000005,629
614,0.04676724542242869,0.11923027033421667,0.268,0.31799999999999995,629
615,0.05440145405433053,0.13176021410261432,0.278,0.31799999999999995,629
616,0.04706223082008625,0.12739160601666694,0.251,0.32899999999999996,629
617,0.03780424839734655,0.12993779280905987,0.29100000000000004,0.31200000000000006,629
618,0.040868700470973365,0.12331355438342406,0.271,0.33499999999999996,629
619,0.05978897280019824,0.1134212519062493,0.28200000000000003,0.30600000000000005,629
620,0.04562195764002384,0.11619508229387523,0.29200000000000004,0.32999999999999996,629
621,0.050794449798531933,0.1435914706246569,0.267,0.29600000000000004,629
622,0.04962667656610671,0.11867110558972131,0.273,0.30900000000000005,629
623,0.05752573988449831,0.13201089018252327,0.28,0.346,629
624,0.05270551650103777,0.11957684377195701,0.262,0.31100000000000005,629
625,0.04598981561974484,0.12027628801770639,0.29100000000000004,0.30900000000000005,629
626,0.044124080170739335,0.11975483181874967,0.29700000000000004,0.30300000000000005,629
627,0.03833821111861259,0.12142144254848987,0.275,0.30600000000000005,629
628,0.0373186729334636,0.12555679711816362,0.29500000000000004,0.33999999999999997,629
629,0.07200192896599375,0.12034790134734405,0.28700000000000003,0.31399999999999995,629
630,0.040940712702349176,0.11602312030688054,0.262,0.30000000000000004,629
631,0.06117265101433816,0.11881545480001407,0.28600000000000003,0.30000000000000004,629
632,0.04088714931217614,0.12409157861597682,0.277,0.29600000000000004,629
633,0.05959455696115178,0.12002799171087102,0.29200000000000004,0.30400000000000005,629
634,0.04597719012011744,0.1351961787672389,0.27,0.30400000000000005,629
635,0.05139824163934855,0.12658970170521464,0.276,0.31399999999999995,629
636,0.050101809310737454,0.12148330619598068,0.28700000000000003,0.30500000000000005,629
637,0.04461828262046433,0.11565935516605368,0.259,0.31100000000000005,629
638,0.05696215788967137,0.13085024958981875,0.262,0.33299999999999996,629
639,0.05392359835083793,0.11844695333280028,0.28800000000000003,0.30100000000000005,629
640,0.04874467555304934,0.12462245918614706,0.28900000000000003,0.28800000000000003,629
641,0.06252175567712248,0.12759051351815714,0.29300000000000004,0.31299999999999994,629
642,0.05221111145971933,0.13027937196233036,0.27,0.31399999999999995,629
643,0.058954491001986624,0.11637728874600474,0.278,0.32199999999999995,629
644,0.05886684315439708,0.12070861361966932,0.278,0.29200000000000004,629
645,0.04799412026665478,0.1320909340820424,0.273,0.277,629
646,0.04683558569966155,0.11644913081815671,0.253,0.29400000000000004,629
647,0.051280151596597746,0.12034873610383252,0.274,0.29800000000000004,629
648,0.04942555243724358,0.1341758115040524,0.27,0.31999999999999995,629
649,0.046750030614101275,0.11255621622775229,0.277,0.33199999999999996,629
650,0.04730526213818814,0.12990169743584412,0.28,0.29600000000000004,629
651,0.05212007632575301,0.1265056386278981,0.29600000000000004,0.28800000000000003,629
652,0.06060506604537218,0.1259462335187649,0.261,0.347,629
653,0.052859110615956204,0.11119358871514509,0.30600000000000005,0.30500000000000005,629
654,0.05743739073306047,0.1166106650768569,0.278,0.34299999999999997,629
655,0.07328538799041814,0.12433220305568418,0.31000000000000005,0.32399999999999995,629
656,0.04614039525172288,0.12180308739494732,0.256,0.33299999999999996,629
657,0.05292496953246967,0.11430115006943287,0.261,0.275,629
658,0.04191504561202333,0.13211350671939093,0.278,0.32999999999999996,629
659,0.0615042345613836,0.12261693850220479,0.29400000000000004,0.28200000000000003,629
660,0.036831245167451405,0.12340336599073072,0.28300000000000003,0.31999999999999995,629
661,0.04431764977714568,0.12863963984907836,0.28300000000000003,0.32099999999999995,629
662,0.045510617366691444,0.11482235527988296,0.29400000000000004,0.33799999999999997,629
663,0.07382517425030276,0.11586420297838163,0.279,0.31200000000000006,629
664,0.04781940802006659,0.11179119091143401,0.277,0.32799999999999996,629
665,0.04523864661701801,0.12375074615678301,0.268,0.275,629
666,0.045995644437351914,0.11803218090611696,0.279,0.31899999999999995,629
667,0.05374786577797771,0.11826954219230162,0.263,0.29300000000000004,629
668,0.06380063603352598,0.12478919171406921,0.31100000000000005,0.30200000000000005,629
669,0.05826138193845276,0.11570521686744473,0.268,0.32099999999999995,629
670,0.06412931326272914,0.12438481827180589,0.28500000000000003,0.31599999999999995,629
671,0.04239437555330674,0.11643945196009754,0.258,0.29600000000000004,629
672,0.04963307779737609,0.12458332438954131,0.259,0.34299999999999997,629
673,0.04465748419712577,0.11916003858835614,0.28400000000000003,0.30200000000000005,629
674,0.05822779403288434,0.11449625139613996,0.30200000000000005,0.31299999999999994,629
675,0.05270702835645353,0.121485162631511,0.268,0.30100000000000005,629
676,0.044197351365458784,0.1279390234180936,0.28400000000000003,0.29700000000000004,629
677,0.053632971280453225,0.11900874679091958,0.281,0.33799999999999997,629
678,0.05049055497101613,0.12494738678706678,0.268,0.35,629
679,0.04810600396729123,0.11082494376272063,0.29900000000000004,0.31399999999999995,629
680,0.04651630345918692,0.11863900936929259,0.271,0.31100000000000005,629
681,0.051959801955900456,0.122983020537056,0.281,0.29400000000000004,629
682,0.044746182496741733,0.12450258248429943,0.269,0.30100000000000005,629
683,0.05368924475660316,0.11629317566188412,0.264,0.30200000000000005,629
684,0.05800938070338588,0.12391658424710246,0.29500000000000004,0.31699999999999995,629
685,0.04804211087965236,0.13320781919132452,0.255,0.34299999999999997,629
686,0.06098117532071707,0.12172298983792647,0.269,0.30800000000000005,629
687,0.04943927660632923,0.1274480952119455,0.30700000000000005,0.32399999999999995,629
688,0.058033902200130535,0.11736221923631916,0.28900000000000003,0.30700000000000005,629
689,0.045459804949251274,0.11067487373902851,0.263,0.31299999999999994,629
690,0.038013982772128786,0.11984779785649248,0.265,0.30300000000000005,629
691,0.05216944268609971,0.12120320062654688,0.279,0.31799999999999995,629
692,0.04550606937651287,0.1321982621266591,0.28400000000000003,0.32499999999999996,629
693,0.05214976914161382,0.12132249512506431,0.28,0.32699999999999996,629
694,0.04674659880153603,0.11994357962391262,0.258,0.32399999999999995,629
695,0.0468810599381987,0.12012764598540494,0.243,0.31000000000000005,629
696,0.06390704122422067,0.12474752568951816,0.29900000000000004,0.30800000000000005,629
697,0.04632929794630636,0.12391267926079749,0.28300000000000003,0.29800000000000004,629
698,0.056650171049248244,0.11819203045274433,0.29600000000000004,0.32699999999999996,629
699,0.044247858977213166,0.13210389268046838,0.279,0.29700000000000004,629
700,0.034892932100638284,0.1213147105187385,0.259,0.29100000000000004,1256
701,0.04634588085248879,0.11790758044653507,0.28800000000000003,0.31499999999999995,1256
702,0.044453679602072374,0.12085712674354128,0.262,0.33499999999999996,1256
703,0.04142761390187701,0.11707035061980335,0.29400000000000004,0.32099999999999995,1256
704,0.04472281350363352,0.12394428573218805,0.271,0.30900000000000005,1256
705,0.038991409809642774,0.12145994666022017,0.271,0.29800000000000004,1256
706,0.0396901880415524,0.11651096431286209,0.274,0.31100000000000005,1256
707,0.04962428172401053,0.12406847841275007,0.255,0.28800000000000003,1256
708,0.0383578375556877,0.1190632398689227,0.28900000000000003,0.30000000000000004,1256
709,0.039905932747064166,0.12377618207397773,0.29700000000000004,0.352,1256
710,0.04874187401392833,0.12267416905019614,0.273,0.29700000000000004,1256
711,0.04322568849096785,0.12497548475100372,0.263,0.31599999999999995,1256
712,0.053441923207596574,0.127931433038909,0.249,0.30400000000000005,1256
713,0.03837576793009825,0.12217041061765856,0.271,0.274,1256
714,0.04742911118658369,0.12363207827622777,0.28700000000000003,0.30000000000000004,1256
715,0.05174159656550766,0.12207912877735247,0.269,0.33299999999999996,1256
716,0.035178480521000706,0.12160739698668473,0.279,0.29200000000000004,1256
717,0.039558281883554085,0.1282643340801952,0.279,0.30200000000000005,1256
718,0.03818859236526818,0.11769788679738616,0.264,0.281,1256
719,0.03883252292744516,0.11865121756572845,0.26,0.29900000000000004,1256
720,0.03561566244362072,0.12304890245114365,0.244,0.31100000000000005,1256
721,0.04815752538575918,0.11843868102755359,0.272,0.29700000000000004,1256
722,0.04283414710047899,0.1225195687436289,0.29000000000000004,0.30300000000000005,1256
723,0.043792378781692246,0.12641500244949835,0.278,0.29000000000000004,1256
724,0.04670495381700664,0.1257516440526427,0.28200000000000003,0.31999999999999995,1256
725,0.04761066642763547,0.11593365920365219,0.29000000000000004,0.30300000000000005,1256
726,0.043451501557746235,0.13130383251705663,0.267,0.35,1256
727,0.045293582097429105,0.12055833475355934,0.264,0.32999999999999996,1256
728,0.05130121597560743,0.12561270699902247,0.29100000000000004,0.31000000000000005,1256
729,0.03523754452270927,0.12897642777072285,0.263,0.32399999999999995,1256
730,0.04063554697092956,0.1197846433010199,0.261,0.30000000000000004,1256
731,0.03516024053008268,0.11989054508380594,0.275,0.32099999999999995,1256
732,0.03902749181743652,0.126465464055855,0.264,0.30700000000000005,1256
733,0.044431393569113034,0.12238168820668752,0.29900000000000004,0.31899999999999995,1256
734,0.04224085125868217,0.12544737978286988,0.29200000000000004,0.28600000000000003,1256
735,0.0438416318809934,0.12955456576330787,0.27,0.30100000000000005,1256
736,0.03857340301410567,0.11802876280441504,0.28300000000000003,0.29400000000000004,1256
737,0.04173868023370659,0.12675267397587028,0.259,0.33199999999999996,1256
738,0.037502393242188,0.12884000438254375,0.256,0.29300000000000004,1256
739,0.03968819323752912,0.12885270246953792,0.257,0.30900000000000005,1256
740,0.03614306534978835,0.1265101837889519,0.28800000000000003,0.277,1256
741,0.04637963177845379,0.12659885855709263,0.28700000000000003,0.31799999999999995,1256
742,0.035769596886505675,0.11810083670183734,0.267,0.31000000000000005,1256
743,0.04091171759762068,0.12107613807017746,0.269,0.29000000000000004,1256
744,0.03819019125063576,0.124471537116815,0.30000000000000004,0.29500000000000004,1256
745,0.042933079806261855,0.11898422144257748,0.24,0.29600000000000004,1256
746,0.03942447978273598,0.1221877654721012,0.278,0.32299999999999995,1256
747,0.037592794533076686,0.11498132567611018,0.28300000000000003,0.32999999999999996,1256
748,0.046109834355062725,0.12068620718212418,0.30800000000000005,0.29000000000000004,1256
749,0.03801836523631796,0.1261032998386111,0.28400000000000003,0.30000000000000004,1256
750,0.04328731787763841,0.12160055817823338,0.28500000000000003,0.29400000000000004,1256
751,0.04984128143225893,0.1102116762133387,0.262,0.30000000000000004,1256
752,0.038483673570714146,0.11614266348769771,0.268,0.275,1256
753,0.05538043828431193,0.12485030311753988,0.261,0.31299999999999994,1256
754,0.04529511436825731,0.1271457958952134,0.28,0.29500000000000004,1256
755,0.04145358771998031,0.12930576255119677,0.28500000000000003,0.33499999999999996,1256
756,0.03697640508792437,0.11763519479280247,0.261,0.32199999999999995,1256
757,0.04327379710508873,0.1166696827547401,0.29400000000000004,0.29000000000000004,1256
758,0.038955655724586376,0.1265807981025579,0.255,0.28900000000000003,1256
759,0.037990604569532564,0.12547521485052965,0.271,0.32099999999999995,1256
760,0.044448582470935624,0.12963694142721988,0.256,0.32199999999999995,1256
761,0.04241744328467522,0.12150420514044229,0.256,0.30500000000000005,1256
762,0.03765158876877072,0.12025270971520052,0.263,0.28900000000000003,1256
763,0.04085250117445701,0.12451957234108323,0.28300000000000003,0.33999999999999997,1256
764,0.03976976632320147,0.12373835221960686,0.252,0.33399999999999996,1256
765,0.055933461858630684,0.12603596724222924,0.28900000000000003,0.30900000000000005,1256
766,0.03525264982452717,0.12000640267013848,0.28900000000000003,0.30800000000000005,1256
767,0.052239592668818134,0.1281853123826769,0.264,0.29700000000000004,1256
768,0.04182541872735808,0.12214429481134458,0.278,0.31899999999999995,1256
769,0.04230379364423062,0.12101494242468949,0.268,0.31100000000000005,1256
770,0.05028058230989149,0.12365807882906926,0.261,0.30400000000000005,1256
771,0.043869626418102284,0.1185267549486417,0.24,0.29300000000000004,1256
772,0.040523455902925214,0.12298368367077957,0.267,0.32799999999999996,1256
773,0.04217419413804215,0.11911027495431208,0.28200000000000003,0.31100000000000005,1256
774,0.035153707353827245,0.11686418953239727,0.28,0.30600000000000005,1256
775,0.04797337376225839,0.12237023269376718,0.28400000000000003,0.29600000000000004,1256
776,0.04452876276439853,0.11712525047190067,0.273,0.29400000000000004,1256
777,0.04847153501605234,0.12075437395997833,0.279,0.262,1256
778,0.051913651668675106,0.11806111889926454,0.241,0.28700000000000003,1256
779,0.0341137240777309,0.12174028840342918,0.28200000000000003,0.29000000000000004,1256
780,0.040735509228567196,0.12294742019841438,0.267,0.31599999999999995,1256
781,0.04643212733573367,0.12309425791014315,0.262,0.31699999999999995,1256
782,0.04518992448652089,0.1205886891072236,0.276,0.31999999999999995,1256
783,0.0517457912471339,0.11781801295250734,0.30500000000000005,0.30800000000000005,1256
784,0.043235544124067604,0.11720580123189034,0.27,0.30400000000000005,1256
785,0.04439618380797253,0.1180295263168219,0.28300000000000003,0.29500000000000004,1256
786,0.05541974431424483,0.12298617564957709,0.274,0.31000000000000005,1256
787,0.04890373760344455,0.12193932070441468,0.276,0.30200000000000005,1256
788,0.044497075465109705,0.12475079762691609,0.279,0.28800000000000003,1256
789,0.044836936242711845,0.11610359216317599,0.268,0.30500000000000005,1256
790,0.04094690265741946,0.12018167516263094,0.274,0.29400000000000004,1256
791,0.055504316031062165,0.12294158005556638,0.30900000000000005,0.33199999999999996,1256
792,0.04896980157583578,0.13442572446876266,0.254,0.33199999999999996,1256
793,0.04965526426576229,0.12301825661546253,0.281,0.33499999999999996,1256
794,0.05510707424446857,0.12407681195812169,0.264,0.32199999999999995,1256
795,0.045022083338995704,0.12053973890968402,0.28600000000000003,0.31999999999999995,1256
796,0.04561363880670313,0.1202576782890963,0.277,0.33199999999999996,1256
797,0.04133784916806999,0.12551622289304115,0.271,0.31399999999999995,1256
798,0.03981513196761634,0.1287351073577353,0.256,0.30900000000000005,1256
799,0.0405753400633102,0.11960555438167177,0.266,0.30300000000000005,1256
800,0.03602695424812883,0.11786026466455408,0.271,0.30500000000000005,2506
801,0.04371069361787236,0.12077101594019186,0.281,0.31799999999999995,2506
802,0.028151659483948436,0.1191772693731322,0.277,0.279,2506
803,0.032672706112878674,0.12291104847522609,0.273,0.31200000000000006,2506
804,0.02786901113168043,0.12491352811905451,0.247,0.28200000000000003,2506
805,0.03745949042754093,0.1180941967329934,0.30200000000000005,0.29100000000000004,2506
806,0.037364959437107215,0.12100436960492163,0.28800000000000003,0.29500000000000004,2506
807,0.033758698503676035,0.12070028647673363,0.271,0.29800000000000004,2506
808,0.0327478534929619,0.12330665135376674,0.275,0.30500000000000005,2506
809,0.03586071203656088,0.12377974086084562,0.281,0.30900000000000005,2506
810,0.031012107229311442,0.1171297514845821,0.235,0.31200000000000006,2506
811,0.03424513542510221,0.12006321506562019,0.268,0.30300000000000005,2506
812,0.031295682554989615,0.12561522239347986,0.271,0.28500000000000003,2506
813,0.03316325568553784,0.12109395769833084,0.264,0.28500000000000003,2506
814,0.03477806325682285,0.12085746198882448,0.251,0.30900000000000005,2506
815,0.03735150711590076,0.12308345843444578,0.267,0.29800000000000004,2506
816,0.036280290883284716,0.12519141100910713,0.276,0.32699999999999996,2506
817,0.032186529165071844,0.12179311535320542,0.257,0.278,2506
818,0.03644225402297882,0.12203690385952161,0.27,0.269,2506
819,0.04032015746417826,0.12300894385084707,0.28400000000000003,0.31599999999999995,2506
820,0.03754141075709303,0.12065248620480734,0.268,0.30800000000000005,2506
821,0.036319449710452346,0.1221131375905203,0.28300000000000003,0.32099999999999995,2506
822,0.030746419476209454,0.12138445815965793,0.29100000000000004,0.29700000000000004,2506
823,0.03872448143133909,0.12099940178114232,0.253,0.30800000000000005,2506
824,0.03290061973482625,0.11841665418323023,0.279,0.32299999999999995,2506
825,0.03329558046353475,0.12337489606880762,0.29000000000000004,0.32199999999999995,2506
826,0.0347489560848807,0.1191504046029095,0.28500000000000003,0.28900000000000003,2506
827,0.036227058580866965,0.11522818687692843,0.279,0.29500000000000004,2506
828,0.04048290285709623,0.1218854713146789,0.29300000000000004,0.30200000000000005,2506
829,0.03842098523656081,0.1180419150771858,0.269,0.29200000000000004,2506
830,0.032205528581529315,0.12216376106926831,0.28200000000000003,0.32599999999999996,2506
831,0.03721131975721862,0.11943273931844706,0.263,0.30000000000000004,2506
832,0.028668787033813953,0.12093530917588821,0.265,0.30700000000000005,2506
833,0.03906584991602604,0.1230446539808475,0.279,0.31699999999999995,2506
834,0.037049673663439246,0.12242904036364677,0.277,0.269,2506
835,0.03252961583037282,0.1195180779134097,0.26,0.28900000000000003,2506
836,0.03882338516461115,0.12275962068314054,0.28400000000000003,0.30600000000000005,2506
837,0.03459848512852779,0.12255880950134225,0.244,0.30900000000000005,2506
838,0.039591487737742716,0.12471277192734939,0.271,0.30200000000000005,2506
839,0.03803106816833956,0.12404372805188685,0.259,0.30200000000000005,2506
840,0.03452688959874116,0.11657122951928232,0.28600000000000003,0.30500000000000005,2506
841,0.0344721921420499,0.1193959054016115,0.249,0.267,2506
842,0.044478521972316984,0.1176960100439675,0.253,0.30800000000000005,2506
843,0.031007681262742937,0.12181323667823427,0.256,0.29000000000000004,2506
844,0.03485719683006552,0.11642695916880184,0.266,0.30600000000000005,2506
845,0.03362863675683408,0.12634240103936564,0.262,0.28300000000000003,2506
846,0.03556665592187447,0.11750827469220426,0.256,0.30600000000000005,2506
847,0.038775116508173786,0.12342060005720014,0.28400000000000003,0.28700000000000003,2506
848,0.04309195415046082,0.12352988305120076,0.28200000000000003,0.31699999999999995,2506
849,0.03376116347004307,0.11572546677712171,0.28900000000000003,0.30600000000000005,2506
850,0.03074907977332094,0.11896870054156841,0.269,0.31699999999999995,2506
851,0.036592211577366904,0.1259543301205425,0.27,0.30900000000000005,2506
852,0.03913414099868747,0.12119515466071036,0.28300000000000003,0.28800000000000003,2506
853,0.03443734125182288,0.1183596984232002,0.245,0.31000000000000005,2506
854,0.033918113960323286,0.12050997180769278,0.268,0.30100000000000005,2506
855,0.0330886843404902,0.11768393780407584,0.29800000000000004,0.29000000000000004,2506
856,0.03766516309051028,0.11979061898910323,0.28700000000000003,0.31100000000000005,2506
857,0.03369406064865968,0.12483000367388587,0.28700000000000003,0.30100000000000005,2506
858,0.03471778750436996,0.12365523807964825,0.263,0.31399999999999995,2506
859,0.03511586171623381,0.11786378710010931,0.281,0.30300000000000005,2506
860,0.03859299587168981,0.11708510606533147,0.256,0.31200000000000006,2506
861,0.033128163858275425,0.11684653892616344,0.279,0.31499999999999995,2506
862,0.033241572713356,0.11658212066563667,0.274,0.281,2506
863,0.03088139740950341,0.11474723582054704,0.278,0.28700000000000003,2506
864,0.033413605319818504,0.1196016162905906,0.261,0.31399999999999995,2506
865,0.03324729977915347,0.11930660041196434,0.275,0.28600000000000003,2506
866,0.033043815068851526,0.11649423015666895,0.278,0.29400000000000004,2506
867,0.03559307953376187,0.11873131713069857,0.265,0.30700000000000005,2506
868,0.03804716253193563,0.12137820369423791,0.265,0.31200000000000006,2506
869,0.03283236153550138,0.12219261155725426,0.28200000000000003,0.28,2506
870,0.03840192394772905,0.12324166682764014,0.28900000000000003,0.32399999999999995,2506
871,0.03519406575929849,0.12274069204407007,0.269,0.30600000000000005,2506
872,0.029143097181659826,0.11907679235271011,0.258,0.32999999999999996,2506
873,0.03471095441898007,0.12344525853663513,0.267,0.33299999999999996,2506
874,0.030366017627090843,0.12328024343265552,0.273,0.32899999999999996,2506
875,0.03277297651026997,0.12204276475392392,0.272,0.29900000000000004,2506
876,0.037230479375095306,0.12206859543078093,0.266,0.33199999999999996,2506
877,0.03188415004678903,0.12273983767236889,0.28300000000000003,0.32399999999999995,2506
878,0.03738504120008941,0.1192611300336662,0.258,0.29100000000000004,2506
879,0.03724166768789479,0.12246748433510117,0.278,0.30300000000000005,2506
880,0.039495307655280115,0.1204607943356795,0.267,0.29800000000000004,2506
881,0.03205888933963568,0.11986256696361658,0.266,0.31100000000000005,2506
882,0.03709152400989008,0.12271410915813676,0.274,0.31000000000000005,2506
883,0.034856159720607946,0.11900417545758589,0.272,0.28400000000000003,2506
884,0.028846036294890295,0.12186980836031731,0.263,0.29000000000000004,2506
885,0.03503118596929294,0.11781696190339136,0.267,0.29500000000000004,2506
886,0.0356202346616724,0.1193891488303295,0.29800000000000004,0.29300000000000004,2506
887,0.034828206421234915,0.11865638623632395,0.29300000000000004,0.33199999999999996,2506
888,0.034398497777836885,0.12308019047651167,0.29900000000000004,0.346,2506
889,0.038867333263833855,0.1255329635318874,0.27,0.33999999999999997,2506
890,0.03226904537014681,0.12381750959813655,0.28,0.271,2506
891,0.03415227131812424,0.12169585092756999,0.272,0.30000000000000004,2506
892,0.03623591723389368,0.1227512691096619,0.264,0.31799999999999995,2506
893,0.032932119498288094,0.11772461068635792,0.28400000000000003,0.31399999999999995,2506
894,0.03423131991983233,0.1221667395716558,0.279,0.32399999999999995,2506
895,0.033697706924812144,0.12408477256922458,0.29100000000000004,0.31100000000000005,2506
896,0.03606121146023266,0.11861040260514914,0.28700000000000003,0.31299999999999994,2506
897,0.03428053349576213,0.12010692499191097,0.269,0.31299999999999994,2506
898,0.038460026315983914,0.12338648231169673,0.259,0.32199999999999995,2506
899,0.03592447248576025,0.12093287295688784,0.248,0.29600000000000004,2506
900,0.027288327055071997,0.11954391374579187,0.30200000000000005,0.33199999999999996,4999
901,0.028862509048476682,0.12257977907760709,0.274,0.32399999999999995,4999
902,0.023282313362602867,0.12239549619249587,0.254,0.30100000000000005,4999
903,0.02972447697565006,0.12126095236873007,0.246,0.29500000000000004,4999
904,0.02991686023437563,0.12045228236638271,0.266,0.33099999999999996,4999
905,0.03179361684470636,0.12129723268012493,0.256,0.31299999999999994,4999
906,0.028951272060592375,0.11626460440110913,0.271,0.30000000000000004,4999
907,0.03236839253958526,0.11853919482111598,0.269,0.281,4999
908,0.02399892479733453,0.11932399750177715,0.254,0.32599999999999996,4999
909,0.030798818394039584,0.12201136006493919,0.276,0.30900000000000005,4999
910,0.029473520994729937,0.11570466531613165,0.272,0.31599999999999995,4999
911,0.030218992448037187,0.11838848161588453,0.273,0.271,4999
912,0.02903243218299296,0.11761791463843053,0.272,0.33299999999999996,4999
913,0.028010191478512227,0.11907309951503939,0.276,0.29000000000000004,4999
914,0.02761071702327339,0.11915702154787625,0.262,0.28900000000000003,4999
915,0.029460240935551833,0.11950924082065321,0.28600000000000003,0.32099999999999995,4999
916,0.02937051617588491,0.11909049456782513,0.271,0.32299999999999995,4999
917,0.025906840039756615,0.12017572974395317,0.272,0.31699999999999995,4999
918,0.024688718850570893,0.12208035128432247,0.273,0.32399999999999995,4999
919,0.028226367052467935,0.1184009164099774,0.262,0.33199999999999996,4999
920,0.02599569395092309,0.12282849436518871,0.248,0.30800000000000005,4999
921,0.02595415017064697,0.12157433534096612,0.262,0.28400000000000003,4999
922,0.03032977441821357,0.11920732225989329,0.262,0.30800000000000005,4999
923,0.03120476506877513,0.12271201001326318,0.28400000000000003,0.29200000000000004,4999
924,0.0287829805426563,0.1189403780066419,0.259,0.28,4999
925,0.02699342995768708,0.12083010933520696,0.251,0.28400000000000003,4999
926,0.02746744614724346,0.11973324998550802,0.255,0.32699999999999996,4999
927,0.031866714475886945,0.11648145412103059,0.28300000000000003,0.30800000000000005,4999
928,0.02721493218418633,0.11977230516380066,0.268,0.28900000000000003,4999
929,0.03098488086638479,0.11672802575366197,0.28400000000000003,0.29900000000000004,4999
930,0.028003852506232413,0.12020326192435632,0.24,0.30700000000000005,4999
931,0.030514733725755635,0.1165333105344393,0.28700000000000003,0.33599999999999997,4999
932,0.027620755488199384,0.12053346867906646,0.28600000000000003,0.30300000000000005,4999
933,0.02748323288498482,0.12146177444109946,0.258,0.30600000000000005,4999
934,0.025834843699237824,0.1159374320615156,0.29300000000000004,0.31000000000000005,4999
935,0.032046282236902965,0.11908312287813334,0.261,0.31000000000000005,4999
936,0.03293441756211445,0.11895713325007347,0.278,0.32799999999999996,4999
937,0.032023526265403036,0.11899417105687952,0.279,0.31299999999999994,4999
938,0.03345757703174923,0.12164220609176485,0.276,0.31399999999999995,4999
939,0.03017701167859868,0.11934292710478395,0.29300000000000004,0.29600000000000004,4999
940,0.029726412841674647,0.11878021718143088,0.266,0.28700000000000003,4999
941,0.03288504032099081,0.11671421743540707,0.268,0.29000000000000004,4999
942,0.02898132890041993,0.11923600834254162,0.29100000000000004,0.27,4999
943,0.025658319283852295,0.11790820864751367,0.279,0.32399999999999995,4999
944,0.027389792988403463,0.1224085312080204,0.28400000000000003,0.29200000000000004,4999
945,0.03239751482506916,0.11876129762822894,0.262,0.29200000000000004,4999
946,0.026255877685139872,0.11652702955088036,0.28300000000000003,0.28700000000000003,4999
947,0.03279994502243758,0.11934797754743864,0.276,0.28200000000000003,4999
948,0.027830592542121106,0.12117796314984208,0.265,0.32799999999999996,4999
949,0.027821107770643422,0.1190673338057601,0.28900000000000003,0.30100000000000005,4999
950,0.031696952664768185,0.11946084457903881,0.263,0.29700000000000004,4999
951,0.025654635797022658,0.11719806952083169,0.276,0.30700000000000005,4999
952,0.02677693092562876,0.12111702340860558,0.278,0.32899999999999996,4999
953,0.03416236638265554,0.1207359612753535,0.269,0.32599999999999996,4999
954,0.031872412790241444,0.12081657724451024,0.28600000000000003,0.30500000000000005,4999
955,0.02865149749489136,0.12085637741378519,0.254,0.30800000000000005,4999
956,0.0273098183793654,0.12086759343107292,0.259,0.30000000000000004,4999
957,0.03146999353293067,0.1161617073876993,0.259,0.31200000000000006,4999
958,0.0324524561040487,0.12011122641942237,0.28,0.29900000000000004,4999
959,0.03185463127141688,0.11807342525101477,0.254,0.31100000000000005,4999
960,0.028470603763576328,0.11608003027390723,0.28700000000000003,0.29100000000000004,4999
961,0.031748135043271404,0.1219296707467831,0.257,0.29700000000000004,4999
962,0.024133911235199337,0.11966497046597245,0.26,0.29100000000000004,4999
963,0.03127091110857293,0.12099182939545516,0.265,0.33899999999999997,4999
964,0.030498583550167373,0.11963195484607464,0.263,0.30400000000000005,4999
965,0.03127539015506195,0.11964880958803277,0.265,0.29000000000000004,4999
966,0.02869436409380027,0.11881877076680374,0.29100000000000004,0.30300000000000005,4999
967,0.028531700445913445,0.11646365567262212,0.273,0.32699999999999996,4999
968,0.027099582523231636,0.1227027054177998,0.279,0.29900000000000004,4999
969,0.027999271940105385,0.11962308328467351,0.279,0.31299999999999994,4999
970,0.0295409709915318,0.12216859690249747,0.31200000000000006,0.31599999999999995,4999
971,0.03223378026432964,0.12174985338781176,0.273,0.30400000000000005,4999
972,0.026268837664429168,0.11837993060206635,0.265,0.28800000000000003,4999
973,0.029500154637851567,0.12211453318610106,0.28300000000000003,0.29400000000000004,4999
974,0.02911051274910149,0.11636340665608079,0.274,0.279,4999
975,0.03092353694169177,0.12257978548693178,0.28700000000000003,0.29200000000000004,4999
976,0.029475178034759224,0.11820613203296026,0.27,0.31100000000000005,4999
977,0.029449378451909963,0.11847853212022436,0.261,0.32299999999999995,4999
978,0.02366267146351718,0.12133198988489503,0.26,0.30400000000000005,4999
979,0.027234103918552424,0.12100458460509587,0.251,0.32499999999999996,4999
980,0.029807731368154625,0.1213515024216726,0.255,0.30500000000000005,4999
981,0.02931381025071924,0.1193970942442981,0.253,0.28500000000000003,4999
982,0.029484436100294747,0.11942828751498415,0.262,0.32399999999999995,4999
983,0.03196699647132391,0.11778176115489129,0.30200000000000005,0.30300000000000005,4999
984,0.029291465690501967,0.11784669189509836,0.274,0.29600000000000004,4999
985,0.031549409650029885,0.12061852462394511,0.266,0.28900000000000003,4999
986,0.03142235263898234,0.11673414410992591,0.258,0.29800000000000004,4999
987,0.03046217459279296,0.122250669077204,0.273,0.30800000000000005,4999
988,0.03259307477910972,0.11955685998015007,0.268,0.28500000000000003,4999
989,0.02300440126970112,0.11856883197954306,0.269,0.31299999999999994,4999
990,0.02763469822891782,0.11531070691730601,0.274,0.281,4999
991,0.028823342047103614,0.12528836458635137,0.266,0.31699999999999995,4999
992,0.032846734648206,0.11970427960001327,0.257,0.30400000000000005,4999
993,0.026032485839328063,0.12068050458006696,0.247,0.28800000000000003,4999
994,0.02865930797657705,0.12495811974703808,0.28,0.31299999999999994,4999
995,0.03068914617228018,0.12052308846964316,0.241,0.31200000000000006,4999
996,0.03323824626854993,0.12090596503744318,0.28700000000000003,0.33099999999999996,4999
997,0.03249201374470938,0.12490742323767008,0.253,0.30000000000000004,4999
998,0.028360900613783685,0.12090303460828773,0.268,0.32299999999999995,4999
999,0.029822017783135465,0.11663262561953575,0.276,0.31599999999999995,4999
